"Model","AIC","BIC"
"gene_lm2",502.632148215753,529.882853175013
"gene_lmm2",518.575924563705,535.917282265053
